lastname;initials;postalcode;street;housenumber;city;province;phonenumber
Mendoza;O.;5665HK;Livingstonestraat;20;Geldrop;Noord-Brabant;3931000001
Gilmore;G.;5622CX;van Vorststraat;113;Eindhoven;Noord-Brabant;4641000002
Bond;G.;6171HZ;Heerstraat Centrum;116;Stein;Limburg;9511000003
Chandler;A.B.;2496HP;Aalscholversingel;25;'s-Gravenhage;Zuid-Holland;4211000004
Wood;B.J.;3350CA;Postbus;6496;Papendrecht;Zuid-Holland;3421000005
Padilla;K.;3992BW;Hooicamp;11;Houten;Utrecht;4451000006
Wagner;C.D.;2352KP;Loevestein;69;Leiderdorp;Zuid-Holland;1261000007
Payne;V.D.;8232LL;Tjalk 17;20;Lelystad;Flevoland;6761000008
Weaver;A.;6061CC;Hoofdstraat;155;Posterholt;Limburg;1611000009
Gallagher;N.;3843CX;Bondamlaan;16;Harderwijk;Gelderland;5011000010
Hobbs;W.S.;3812XZ;Jasmijnstraat;6;Amersfoort;Utrecht;4711000011
Frederick;D.;4243TM;Achterdijk;33;Nieuwland;Zuid-Holland;1181000012
Farmer;K.N.;9746TG;Zijlvesterweg;7;Groningen;Groningen;1731000013
Montgomery;K.;8398ET;Friese Veldweg;21;Blesdijke;Friesland;4541000014
Morgan;K.U.;2182JK;Haven;15;Hillegom;Zuid-Holland;1531000015
Moses;F.R.;6591XA;Langeweg;346;Gennep;Limburg;3671000016
Dawson;I.Z.;3448KR;Stuurboordlaan;3;Woerden;Utrecht;1221000017
Carney;U.;1183BR;Top Naefflaan;34;Amstelveen;Noord-Holland;2561000018
Strong;L.;3401MD;Energieweg;2;IJsselstein;Utrecht;7001000019
Moreno;C.;2332JN;Smaragdlaan;62;Leiden;Zuid-Holland;4131000020
Haney;W.Z.;1273TN;Vossestaart;19;Huizen;Noord-Holland;9721000021
Montgomery;N.I.;4147ZG;Postbus;2905;Asperen;Gelderland;1241000022
Levy;F.;1551RE;Dolphijnstraat;1;Westzaan;Noord-Holland;1451000023
Duncan;E.;1873GE;Heereweg;424;Groet;Noord-Holland;5861000024
Padilla;D.J.;4761SN;De Meeren;163;Zevenbergen;Noord-Brabant;8301000025
Vang;Z.V.;2771HG;Linnaeusweg;124;Boskoop;Zuid-Holland;7831000026
Nash;C.;4438AK;van Tilburghstraat;49;Driewegen;Zeeland;8451000027
Montoya;G.;1861KC;Dokter van Peltlaan;9;Bergen (NH);Noord-Holland;2341000028
Woodard;P.A.;2401VD;Vliestroom;233;Alphen aan den Rijn;Zuid-Holland;6441000029
Mckay;A.Z.;3437DG;Voermansweide;45;Nieuwegein;Utrecht;4401000030
Monroe;S.;6543ND;Bothastraat;11;Nijmegen;Gelderland;1161000031
Fernandez;S.G.;2402DA;Keizershof;12;Alphen aan den Rijn;Zuid-Holland;8101000032
Goodwin;G.;5581CG;Hertenlaan;33;Waalre;Noord-Brabant;4991000033
Sykes;G.E.;3822VE;Palladiostraat;29;Amersfoort;Utrecht;2321000034
Berg;J.X.;9204GD;Zwemmer;175;Drachten;Friesland;6241000035
Pickett;I.;6866CC;Parallelweg;7;Heelsum;Gelderland;8541000036
Hewitt;B.A.;3553EC;Amsterdamsestraatweg;578;Utrecht;Utrecht;5321000037
Aguirre;G.;3051ER;Prins Frederik Hendrikstraat;196;Rotterdam;Zuid-Holland;1961000038
Pollard;P.D.;3512LJ;Nieuwegracht;156;Utrecht;Utrecht;8771000039
Newman;Q.T.;6534TG;Vossendijk;88;Nijmegen;Gelderland;6561000040
Frederick;K.E.;5831AD;Sint Anthonisweg;99;Boxmeer;Noord-Brabant;2471000041
Morrow;Y.T.;4328BB;Dapperweg;29;Burgh-Haamstede;Zeeland;7391000042
Love;D.F.;9934AJ;De Vennen;248;Delfzijl;Groningen;5031000043
Mcguire;Z.;8071VE;Verdiplantsoen;11;Nunspeet;Gelderland;2771000044
Cox;E.;3247CR;Reginahof;22;Dirksland;Zuid-Holland;1151000045
Cherry;X.G.;6731EC;Westenengerdijk;94;Otterlo;Gelderland;5971000046
Keith;X.;7671HD;Grevinckhoffstraat;5;Vriezenveen;Overijssel;6821000047
Ratliff;Z.U.;2712AR;Argonautenrede;274;Zoetermeer;Zuid-Holland;7801000048
Malone;C.S.;2242HD;Kerkstraat;88;Wassenaar;Zuid-Holland;4191000049
Burgess;G.R.;6217HJ;Pastoor Delruellestraat;9;Maastricht;Limburg;8551000050
Vega;M.I.;3297TN;Sterrenlaan;114;Puttershoek;Zuid-Holland;4321000051
Daugherty;T.I.;6987EP;Havenweg;4;Giesbeek;Gelderland;9101000052
Rosario;I.;5346PD;Brabantstraat;237;Oss;Noord-Brabant;8931000053
Baldwin;Y.G.;8152BK;Nieuwstraat;69;Lemelerveld;Overijssel;5371000054
Rosario;K.;9257VW;Van Cronenburgweg;4;Noardburgum;Friesland;2711000055
Sparks;M.A.;4335JM;Nieuwe Vlissingseweg;513;Middelburg;Zeeland;7241000056
Huff;H.;2404AD;Pieter Floriszstraat;99;Alphen aan den Rijn;Zuid-Holland;9981000057
Ball;A.;5932BE;van Kleefstraat;26;Tegelen;Limburg;2851000058
French;D.V.;4700GE;Postbus;6251;Roosendaal;Noord-Brabant;9071000059
Sosa;D.E.;7211CL;Beekweide;21;Eefde;Gelderland;3611000060
Bonner;N.;2841TK;Prinses Wilhelminastraat;8;Moordrecht;Zuid-Holland;2201000061
Anthony;K.N.;1873GJ;Bremakker;16;Groet;Noord-Holland;1691000062
Morin;N.;1406SK;Gooibergstraat;8;Bussum;Noord-Holland;6161000063
Harding;X.X.;1775RL;Westermiddenmeerweg;4;Middenmeer;Noord-Holland;5751000064
Frederick;U.;8034PZ;Hoevebrink;9;Zwolle;Overijssel;4161000065
Horn;N.B.;3201BK;Havenplein;21;Spijkenisse;Zuid-Holland;4541000066
Tyson;V.M.;8024PE;Kuyerhuislaan;85;Zwolle;Overijssel;2551000067
Weeks;I.;5871BC;Op de Kamp;102;Broekhuizenvorst;Limburg;5731000068
Mccarthy;T.S.;6715KA;Catharinadaal;26;Ede;Gelderland;4531000069
Farmer;D.;6043KK;Zonnedauwhof;160;Roermond;Limburg;3271000070
Woods;P.K.;5705BA;Montgomerystraat;11;Helmond;Noord-Brabant;1221000071
Fowler;I.;2134KB;Ommerbos;103;Hoofddorp;Noord-Holland;3981000072
Goodwin;H.K.;2522ES;Jan van der Heijdenstraat;146;'s-Gravenhage;Zuid-Holland;1331000073
Vang;S.S.;1321AE;Herman Teirlinckstraat;34;Almere;Flevoland;3491000074
Butler;E.F.;9959PV;Molenpad;2;Onderdendam;Groningen;1641000075
Walters;J.S.;5684WR;Gerrit van der Veenstr;16;Best;Noord-Brabant;6851000076
Stephens;D.;5491TZ;Veghelseweg;87;Sint-Oedenrode;Noord-Brabant;8871000077
Hendrix;B.;7521HN;Algolstraat;29;Enschede;Overijssel;7161000078
Todd;N.;1016PV;Eerste Laurierdwarsstraat;13;Amsterdam;Noord-Holland;7591000079
Galloway;D.;2941BB;Julianastraat;719;Lekkerkerk;Zuid-Holland;7241000080
Barnett;P.;2624BG;Hermesstraat;36;Delft;Zuid-Holland;9471000081
Hickman;V.B.;1111PV;Muiderstraatweg;86;Diemen;Noord-Holland;1811000082
Castaneda;O.D.;1035CA;Rosmolen;5;Amsterdam;Noord-Holland;9191000083
Frost;A.I.;4414AK;Mauritsstraat;9;Waarde;Zeeland;7621000084
Sparks;V.R.;1781PT;Basstraat;59;Den Helder;Noord-Holland;5431000085
Obrien;C.Q.;5261EN;Vliertstate;23;Vught;Noord-Brabant;4881000086
Barrett;Z.;3781NR;Prinsenweg;39;Voorthuizen;Gelderland;7001000087
Anthony;J.G.;3527EN;Nansenlaan;179;Utrecht;Utrecht;2861000088
Powell;S.J.;8031CM;Beethovenlaan;879;Zwolle;Overijssel;6811000089
Mcgee;P.;4834NM;Doornenburgstraat;28;Breda;Noord-Brabant;4691000090
Trujillo;C.;5583HA;Lakkerij;63;Waalre;Noord-Brabant;3631000091
Daniels;P.;4702PG;Voltastraat;110;Roosendaal;Noord-Brabant;1721000092
George;E.Z.;6114HH;Salvatorstraat;10;Susteren;Limburg;7961000093
Preston;W.;7437PG;Veldkampsteeg;9;Bathmen;Overijssel;3691000094
Willis;I.;5683MA;Burgermeester Notermansstraat;45;Best;Noord-Brabant;3461000095
Cortez;I.P.;8024XN;Grotiuslaan;3;Zwolle;Overijssel;2181000096
Little;N.;2581SH;Burgemeester van der Werffstraat;191;'s-Gravenhage;Zuid-Holland;5311000097
Chandler;Y.Q.;5062AM;Watermolensteeg;13;Oisterwijk;Noord-Brabant;3561000098
Ewing;O.;2742ZB;Ieplaan;170;Waddinxveen;Zuid-Holland;8041000099